-13.440597534179688,15.310016632080078,42.37228775024414
-12.749044418334961,15.91127872467041,39.637569427490234
-12.02959156036377,16.478862762451172,36.90285110473633
-11.2838773727417,17.011472702026367,34.16813659667969
-10.513601303100586,17.507896423339844,31.43341827392578
-9.720516204833984,17.967002868652344,28.698701858520508
-8.906429290771484,18.387746810913086,25.9639835357666
-8.073195457458496,18.7691707611084,23.229267120361328
-7.222712516784668,19.11040687561035,20.494548797607422
-6.356917381286621,19.410676956176758,17.75983238220215
-5.477781772613525,19.669294357299805,15.025115013122559
-4.587309837341309,19.88567352294922,12.290401458740234
-3.687526226043701,20.0593204498291,9.555684089660645
-2.780482769012451,20.189838409423828,6.820967197418213
-1.868245005607605,20.276931762695312,4.086249828338623
-0.9528906941413879,20.32040023803711,1.3515324592590332
-0.0363163948059082,20.320144653320312,-1.3837473392486572
0.879013180732727,20.276159286499023,-4.118464469909668
1.7912019491195679,20.18855094909668,-6.853181838989258
2.698172092437744,20.057523727416992,-9.587899208068848
3.5978572368621826,19.883371353149414,-12.322616577148438
4.488209247589111,19.666492462158203,-15.057333946228027
5.367199420928955,19.407381057739258,-17.792051315307617
6.232825756072998,19.106624603271484,-20.52676773071289
7.0831170082092285,18.76491355895996,-23.261486053466797
7.916135787963867,18.383018493652344,-25.99620246887207
8.729985237121582,17.961816787719727,-28.730918884277344
9.522810935974121,17.50226402282715,-31.46563720703125
10.292808532714844,17.00540542602539,-34.200355529785156
11.038223266601562,16.472375869750977,-36.9350700378418
11.757357597351074,15.904388427734375,-39.6697883605957
12.448572158813477,15.302736282348633,-42.40450668334961
13.113341331481934,14.665824890136719,-45.0
13.82044792175293,13.958718299865723,-45.0
14.452960968017578,13.295400619506836,-47.729400634765625
15.052995681762695,12.602781295776367,-50.46411895751953
15.619300842285156,11.882322311401367,-53.19883728027344
16.150585174560547,11.135663986206055,-55.933555603027344
16.645641326904297,10.364506721496582,-58.668270111083984
17.10334014892578,9.570609092712402,-61.402984619140625
17.522640228271484,8.755777359008789,-64.13770294189453
17.902584075927734,7.921868324279785,-66.87242126464844
18.242311477661133,7.070781230926514,-69.60713958740234
18.541044235229492,6.20445442199707,-72.34185791015625
18.79810333251953,5.3248610496521,-75.07656860351562
19.01289939880371,4.434004783630371,-77.81128692626953
19.18494987487793,3.5339150428771973,-80.54600524902344
19.31385612487793,2.626641273498535,-83.28072357177734
19.39933204650879,1.7142503261566162,-86.01544189453125
19.441173553466797,0.7988201975822449,-88.75016021728516
19.43929100036621,-0.11775214970111847,-91.48543548583984
19.3936824798584,-1.033002257347107,-94.22015380859375
19.30445671081543,-1.945034146308899,-96.95487213134766
19.171817779541016,-2.851769208908081,-99.6895751953125
18.996070861816406,-3.7511441707611084,-102.42431640625
18.777610778808594,-4.641109943389893,-105.15902709960938
18.516939163208008,-5.519638538360596,-107.89373779296875
18.21464729309082,-6.384729862213135,-110.62844848632812
17.871423721313477,-7.234413146972656,-113.3631591796875
17.488054275512695,-8.066753387451172,-116.097900390625
17.06540870666504,-8.879853248596191,-118.83261108398438
16.604446411132812,-9.671862602233887,-121.56732177734375
16.106224060058594,-10.440977096557617,-124.30203247070312
15.57187271118164,-11.185444831848145,-127.03677368164062
15.002610206604004,-11.903569221496582,-129.771484375
14.399733543395996,-12.593714714050293,-132.50619506835938
13.759531021118164,-13.259634971618652,-135.0
13.054486274719238,-13.964641571044922,-135.09637451171875
12.390162467956543,-14.595860481262207,-137.83108520507812
11.696478843688965,-15.19466495513916,-140.5657958984375
10.975016593933105,-15.759690284729004,-143.300537109375
10.227416038513184,-16.289649963378906,-146.03524780273438
9.455382347106934,-16.783336639404297,-148.76995849609375
8.660674095153809,-17.239625930786133,-151.50466918945312
7.845098972320557,-17.657480239868164,-154.2393798828125
7.01051664352417,-18.03594398498535,-156.97412109375
6.158827781677246,-18.374156951904297,-159.70883178710938
5.2919721603393555,-18.671350479125977,-162.44354248046875
4.411923885345459,-18.926847457885742,-165.17825317382812
3.5206875801086426,-19.140064239501953,-167.91299438476562
2.620293617248535,-19.310516357421875,-170.647705078125
1.7127925157546997,-19.43781280517578,-173.38241577148438
0.800251305103302,-19.52166748046875,-176.11712646484375
-0.11525144428014755,-19.561887741088867,-178.8518524169922
-1.0318191051483154,-19.55837631225586,-181.58712768554688
-1.9469869136810303,-19.51114273071289,-184.3218536376953
-2.8588578701019287,-19.42030143737793,172.9434356689453
-3.76535701751709,-19.286054611206055,170.20872497558594
-4.664418697357178,-19.10870933532715,167.4739990234375
-5.553994655609131,-18.888671875,164.73928833007812
-6.4320597648620605,-18.626440048217773,162.00457763671875
-7.296612739562988,-18.322612762451172,159.2698516845703
-8.145685195922852,-17.97788429260254,156.53514099121094
-8.977343559265137,-17.593036651611328,153.8004150390625
-9.789692878723145,-17.168947219848633,151.06570434570312
-10.580883026123047,-16.70658302307129,148.3309783935547
-11.349111557006836,-16.206995010375977,145.5962677001953
-12.092630386352539,-15.671323776245117,142.86154174804688
-12.80974292755127,-15.100787162780762,140.1268310546875
-13.498818397521973,-14.496685028076172,137.39212036132812
-14.16592788696289,-13.85323715209961,135.0
-14.868677139282227,-13.1503267288208,134.80194091796875
-15.4987154006958,-12.484884262084961,132.0672149658203
-16.09628677368164,-11.790139198303223,129.33250427246094
-16.660032272338867,-11.06767463684082,126.5977783203125
-17.188663482666016,-10.319134712219238,123.86306762695312
-17.680978775024414,-9.546225547790527,121.12834930419922
-18.13585662841797,-8.750707626342773,118.39363098144531
-18.552263259887695,-7.934392929077148,115.6589126586914
-18.92924690246582,-7.099140644073486,112.9241943359375
-19.265947341918945,-6.246852397918701,110.18948364257812
-19.561601638793945,-5.3794708251953125,107.45476531982422
-19.815534591674805,-4.4989705085754395,104.72004699707031
-20.027170181274414,-3.6073575019836426,101.9853286743164
-20.196022033691406,-2.70666241645813,99.2506103515625
-20.32171058654785,-1.7989368438720703,96.5158920288086
-20.40394401550293,-0.8862481117248535,93.78117370605469
-20.44253921508789,0.029324563220143318,91.04646301269531
-20.43740463256836,0.9458844661712646,88.3111801147461
-20.388545989990234,1.8609669208526611,85.57646179199219
-20.296083450317383,2.7726762294769287,82.84174346923828
-20.160226821899414,3.6789357662200928,80.10702514648438
-19.981287002563477,4.577681064605713,77.37230682373047
-19.75967025756836,5.4668660163879395,74.6375961303711
-19.495882034301758,6.34446382522583,71.90287780761719
-19.190521240234375,7.2084760665893555,69.16815948486328
-18.844284057617188,8.056936264038086,66.43344116210938
-18.457962036132812,8.887909889221191,63.69872283935547
-18.032432556152344,9.699503898620605,60.96400833129883
-17.568662643432617,10.489872932434082,58.22929000854492
-17.067712783813477,11.257213592529297,55.494571685791016
-16.53072166442871,11.99977970123291,52.759857177734375
-15.958914756774902,12.7158784866333,50.02513885498047
-15.35359001159668,13.403881072998047,47.29042053222656
-14.706942558288574,14.072222709655762,45.0
-13.962984085083008,14.842991828918457,-312.6749572753906
-13.24836254119873,15.655610084533691,-309.98236083984375
-12.572704315185547,16.500900268554688,-307.28973388671875
-11.937501907348633,17.376998901367188,-304.5971374511719
-11.344159126281738,18.28196907043457,-301.9045104980469
-10.793983459472656,19.213815689086914,-299.2119140625
-10.288190841674805,20.17047882080078,-296.519287109375
-9.827899932861328,21.14984893798828,-293.8266906738281
-9.414124488830566,22.14975929260254,-291.1340637207031
-9.047779083251953,23.16800308227539,-288.44146728515625
-8.729673385620117,24.202333450317383,-285.74884033203125
-8.460509300231934,25.250465393066406,-283.0562438964844
-8.24088191986084,26.310081481933594,79.63636016845703
-8.06258773803711,27.29846954345703,79.77850341796875
-7.885133743286133,28.2825984954834,79.77850341796875
-7.707137107849121,29.271013259887695,79.91976928710938
-7.534890174865723,30.280941009521484,80.72256469726562
-7.376811981201172,31.293184280395508,81.52536010742188
-7.232930660247803,32.30754089355469,82.32815551757812
-7.103275775909424,33.32381820678711,83.13095092773438
-6.98787260055542,34.3418083190918,83.93374633789062
-6.886743068695068,35.3613166809082,84.73654174804688
-6.7999091148376465,36.38214111328125,85.53933715820312
-6.7273850440979,37.40407943725586,86.34213256835938
-6.669187068939209,38.42694091796875,87.14492797851562
-6.625326156616211,39.45051574707031,87.9477310180664
-6.595811367034912,40.47460174560547,88.75052642822266
-6.5806474685668945,41.499000549316406,-270.4466857910156
-6.574221134185791,42.50154495239258,89.63746643066406
-6.5678935050964355,43.50152587890625,89.63746643066406
-6.56156587600708,44.50150680541992,89.63746643066406
-6.555238723754883,45.501487731933594,89.63746643066406
-6.548911094665527,46.501468658447266,89.63746643066406
-6.54258394241333,47.50144577026367,89.63746643066406
-6.536256313323975,48.501426696777344,89.63746643066406
-6.529929161071777,49.501407623291016,89.63746643066406
-6.523601531982422,50.50138854980469,89.63746643066406
-6.517274379730225,51.501365661621094,89.63746643066406
-6.510946750640869,52.501346588134766,89.63746643066406
-6.504619598388672,53.50132751464844,89.63746643066406
-6.498291969299316,54.50130844116211,89.63746643066406
-6.491964817047119,55.501285552978516,89.63746643066406
-6.485637187957764,56.50126647949219,89.63746643066406
-6.479310035705566,57.50124740600586,89.63746643066406
-6.472982406616211,58.50122833251953,89.63746643066406
-6.466655254364014,59.50120544433594,89.63746643066406
-6.460327625274658,60.50118637084961,89.63746643066406
-6.454000473022461,61.50116729736328,89.63746643066406
-6.4476728439331055,62.50114822387695,89.63746643066406
-6.441345691680908,63.50112533569336,89.63746643066406
-6.435018062591553,64.50111389160156,89.63746643066406
-6.4286909103393555,65.50109100341797,89.63746643066406
-6.42236328125,66.50106811523438,89.63746643066406
-6.416036128997803,67.50105285644531,89.63746643066406
-6.409708499908447,68.50102996826172,89.63746643066406
-6.40338134765625,69.50100708007812,89.63746643066406
-6.3970537185668945,70.50099182128906,89.63746643066406
-6.390726566314697,71.50096893310547,89.63746643066406
-6.384398937225342,72.5009536743164,89.63746643066406
-6.3780717849731445,73.50093078613281,89.63746643066406
-6.371744155883789,74.50090789794922,89.63746643066406
-6.365417003631592,75.50089263916016,89.63746643066406
-6.359089374542236,76.50086975097656,89.63746643066406
-6.352762222290039,77.50084686279297,89.63746643066406
-6.346434593200684,78.5008316040039,89.63746643066406
-6.340107440948486,79.50080871582031,89.63746643066406
-6.333779811859131,80.50079345703125,89.63746643066406
-6.327452659606934,81.50077056884766,89.63746643066406
-6.321125507354736,82.50074768066406,89.63746643066406
-6.314797878265381,83.500732421875,89.63746643066406
-6.308470726013184,84.5007095336914,89.63746643066406
-6.302143096923828,85.50068664550781,89.63746643066406
-6.295815944671631,86.50067138671875,89.63746643066406
-6.289488315582275,87.50064849853516,89.63746643066406
-6.283161163330078,88.5006332397461,89.63746643066406
-6.276833534240723,89.5006103515625,89.63746643066406
-6.270506381988525,90.5005874633789,89.63746643066406
-6.26417875289917,91.50057220458984,89.63746643066406
-6.257851600646973,92.50054931640625,89.63746643066406
-6.251523971557617,93.50052642822266,89.63746643066406
-6.24519681930542,94.5005111694336,89.63746643066406
-6.2388691902160645,95.50048828125,89.63746643066406
-6.232542037963867,96.50047302246094,89.63746643066406
-6.226214408874512,97.50045013427734,89.63746643066406
-6.2198872566223145,98.50042724609375,89.63746643066406
-6.213559627532959,99.50041198730469,89.63746643066406
-6.207232475280762,100.5003890991211,89.63746643066406
-6.200904846191406,101.5003662109375,89.63746643066406
-6.194577693939209,102.50035095214844,89.63746643066406
-6.1882500648498535,103.50032806396484,89.63746643066406
-6.181922912597656,104.50031280517578,89.63746643066406
-6.175595283508301,105.50028991699219,89.63746643066406
-6.1692681312561035,106.5002670288086,89.63746643066406
-6.162940502166748,107.50025177001953,89.63746643066406
-6.156613349914551,108.50022888183594,89.63746643066406
-6.150285720825195,109.50020599365234,89.63746643066406
-6.143958568572998,110.50019073486328,89.63746643066406
-6.137630939483643,111.50016784667969,89.63746643066406
-6.131303787231445,112.50015258789062,89.63746643066406
-6.12497615814209,113.50012969970703,89.63746643066406
-6.118649005889893,114.50010681152344,89.63746643066406
-6.112321376800537,115.50009155273438,89.63746643066406
-6.10599422454834,116.50006866455078,89.63746643066406
-6.099666595458984,117.50004577636719,89.63746643066406
-6.093339443206787,118.50003051757812,89.63746643066406
-6.087011814117432,119.50000762939453,89.63746643066406
-6.080684661865234,120.49999237060547,89.63746643066406
-6.074357032775879,121.49996948242188,89.63746643066406
-6.068029880523682,122.49994659423828,89.63746643066406
-6.061702728271484,123.49993133544922,89.63746643066406
-6.055375099182129,124.49990844726562,89.63746643066406
-6.049047946929932,125.49989318847656,89.63746643066406
-6.042720317840576,126.49987030029297,89.63746643066406
-6.036393165588379,127.49984741210938,89.63746643066406
-6.030065536499023,128.49981689453125,89.63746643066406
-6.023738384246826,129.4998016357422,89.63746643066406
-6.017410755157471,130.49978637695312,89.63746643066406
-6.011083602905273,131.499755859375,89.63746643066406
-6.004755973815918,132.49974060058594,89.63746643066406
-5.998428821563721,133.4997100830078,89.63746643066406
-5.992101192474365,134.49969482421875,89.63746643066406
-5.985774040222168,135.4996795654297,89.63746643066406
-5.9794464111328125,136.49964904785156,89.63746643066406
-5.973119258880615,137.4996337890625,89.63746643066406
-5.96679162979126,138.49961853027344,89.63746643066406
-5.9604644775390625,139.4995880126953,89.63746643066406
-5.954136848449707,140.49957275390625,89.63746643066406
-5.94780969619751,141.4995574951172,89.63746643066406
-5.941482067108154,142.49952697753906,89.63746643066406
-5.935154914855957,143.49952697753906,89.63746643066406
-5.928827285766602,144.49951171875,89.63746643066406
-5.922500133514404,145.49948120117188,89.63746643066406
-5.916172504425049,146.4994659423828,89.63746643066406
-5.909845352172852,147.49945068359375,89.63746643066406
-5.903517723083496,148.49942016601562,89.63746643066406
-5.897190570831299,149.49940490722656,89.63746643066406
-5.890862941741943,150.4993896484375,89.63746643066406
-5.884535789489746,151.49935913085938,89.63746643066406
-5.878208160400391,152.4993438720703,89.63746643066406
-5.871881008148193,153.49932861328125,89.63746643066406
-5.865553379058838,154.49929809570312,89.63746643066406
-5.859226226806641,155.49928283691406,89.63746643066406
-5.852898597717285,156.499267578125,89.63746643066406
-5.846571445465088,157.49923706054688,89.63746643066406
-5.840243816375732,158.4992218017578,89.63746643066406
-5.833916664123535,159.49920654296875,89.63746643066406
-5.82758903503418,160.4991912841797,89.63746643066406
-5.821261882781982,161.49916076660156,89.63746643066406
-5.814934253692627,162.4991455078125,89.63746643066406
-5.80860710144043,163.49911499023438,89.63746643066406
-5.802279472351074,164.4990997314453,89.63746643066406
-5.795952320098877,165.49908447265625,89.63746643066406
-5.78962516784668,166.4990692138672,89.63746643066406
-5.783297538757324,167.49903869628906,89.63746643066406
-5.776970386505127,168.4990234375,89.63746643066406
-5.7706427574157715,169.49900817871094,89.63746643066406
-5.764315605163574,170.4989776611328,89.63746643066406
-5.757987976074219,171.49896240234375,89.63746643066406
-5.7516608238220215,172.4989471435547,89.63746643066406
-5.745333194732666,173.49891662597656,89.63746643066406
-5.739006042480469,174.4989013671875,89.63746643066406
-5.732678413391113,175.49888610839844,89.63746643066406
-5.726351261138916,176.4988555908203,89.63746643066406
-5.7200236320495605,177.49884033203125,89.63746643066406
-5.713696479797363,178.4988250732422,89.63746643066406
-5.707368850708008,179.49879455566406,89.63746643066406
-5.7010416984558105,180.498779296875,89.63746643066406
-5.694714069366455,181.49876403808594,89.63746643066406
-5.688386917114258,182.49874877929688,89.63746643066406
-5.682059288024902,183.4987335205078,89.63746643066406
-5.675732135772705,184.4987030029297,89.63746643066406
-5.66940450668335,185.49868774414062,89.63746643066406
-5.663077354431152,186.49867248535156,89.63746643066406
-5.656749725341797,187.49864196777344,89.63746643066406
-5.6504225730896,188.49862670898438,89.63746643066406
-5.6444315910339355,189.4844970703125,90.09963989257812
-5.68929386138916,190.29556274414062,96.23224639892578
-5.820544719696045,191.09718322753906,102.36485290527344
-6.036682605743408,191.8802032470703,108.4974594116211
-6.335233211517334,192.63565063476562,114.63006591796875
-6.712779521942139,193.35487365722656,120.7626724243164
-7.165001392364502,194.0296630859375,126.89527893066406
-7.6867218017578125,194.6522674560547,133.0278778076172
-8.271968841552734,195.21556091308594,139.16053771972656
-8.914045333862305,195.71315002441406,145.29319763183594
-9.605603218078613,196.13925170898438,151.42587280273438
-10.338726043701172,196.4890594482422,157.55853271484375
-11.105022430419922,196.758544921875,163.6912078857422
-11.895723342895508,196.9446258544922,169.82386779785156
-12.701778411865234,197.04515075683594,175.95654296875
-13.582111358642578,197.06495666503906,179.85704040527344
-14.582107543945312,197.06744384765625,179.85704040527344
-15.582104682922363,197.0699462890625,179.85704040527344
-16.582101821899414,197.0724334716797,179.85704040527344
-17.58209800720215,197.07493591308594,179.85704040527344
-18.582096099853516,197.07742309570312,179.85704040527344
-19.58209228515625,197.07992553710938,179.85704040527344
-20.582088470458984,197.08241271972656,179.85704040527344
-21.58208656311035,197.0849151611328,179.85704040527344
-22.582082748413086,197.08740234375,179.85704040527344
-23.58207893371582,197.08990478515625,179.85704040527344
-24.582077026367188,197.0924072265625,179.85704040527344
-25.582073211669922,197.0948944091797,179.85704040527344
-26.58207130432129,197.09739685058594,179.85704040527344
-27.582067489624023,197.09988403320312,179.85704040527344
-28.582063674926758,197.10238647460938,179.85704040527344
-29.582061767578125,197.10487365722656,179.85704040527344
-30.58205795288086,197.1073760986328,179.85704040527344
-31.582054138183594,197.10986328125,179.85704040527344
-32.58205032348633,197.11236572265625,179.85704040527344
-33.58205032348633,197.11485290527344,179.85704040527344
-34.58204650878906,197.1173553466797,179.85704040527344
-35.5820426940918,197.11984252929688,179.85704040527344
-36.58203887939453,197.12234497070312,179.85704040527344
-37.582035064697266,197.1248321533203,179.85704040527344
-38.58203125,197.12733459472656,179.85704040527344
-39.58203125,197.12982177734375,179.85704040527344
-40.582027435302734,197.13232421875,179.85704040527344
-41.58202362060547,197.1348114013672,179.85704040527344
-42.46820068359375,197.12901306152344,181.09915161132812
-43.33429718017578,197.10137939453125,182.555419921875
-44.19941329956055,197.0517578125,184.01168823242188
-45.062992095947266,196.9801483154297,185.46795654296875
-45.92446517944336,196.88661193847656,186.92422485351562
-46.78329086303711,196.771240234375,188.3804931640625
-47.63890075683594,196.63404846191406,189.8367462158203
-48.49074935913086,196.4751739501953,191.2930145263672
-49.33826446533203,196.2947235107422,-167.25076293945312
-50.180938720703125,196.09275817871094,-165.79449462890625
-51.01820755004883,195.86944580078125,-164.33822631835938
-51.84953689575195,195.62493896484375,-162.8819580078125
-52.674381256103516,195.359375,-161.42568969726562
-53.492210388183594,195.07293701171875,-159.96942138671875
-54.302494049072266,194.76580810546875,-158.51315307617188
-55.10470962524414,194.4381866455078,-157.056884765625
-55.89834213256836,194.0902862548828,-155.60061645507812
-56.68287658691406,193.72232055664062,-154.14434814453125
-57.45780563354492,193.3345489501953,-152.68807983398438
-58.22262954711914,192.92718505859375,-151.2318115234375
-58.97685623168945,192.5005340576172,-149.77554321289062
-59.71999740600586,192.0548553466797,-148.31927490234375
-60.45156478881836,191.5904083251953,-146.86300659179688
-61.17110061645508,191.1075439453125,-145.40675354003906
-61.87812423706055,190.6065216064453,-143.9504852294922
-62.57219696044922,190.0877227783203,-142.4942169189453
-63.25285720825195,189.55145263671875,-141.03794860839844
-63.91966247558594,188.99803161621094,-139.58168029785156
-64.57218933105469,188.42787170410156,-138.1254119873047
-65.21002197265625,187.84130859375,-136.6691436767578
-65.83273315429688,187.2387237548828,-135.21287536621094
-66.43994140625,186.62049865722656,-133.75660705566406
-67.03123474121094,185.98704528808594,-132.3003387451172
-67.60867309570312,185.3360137939453,229.1158447265625
-68.18494415283203,184.65626525878906,230.30355834960938
-68.74700927734375,183.9647216796875,231.4912567138672
-69.29461669921875,183.2616729736328,232.67897033691406
-69.82752227783203,182.5474090576172,233.86668395996094
-70.34552001953125,181.822265625,235.05438232421875
-70.84837341308594,181.08653259277344,236.24209594726562
-71.33586883544922,180.34054565429688,237.4298095703125
-71.80780029296875,179.58460998535156,238.61752319335938
-72.26396179199219,178.8190460205078,239.8052215576172
-72.70414733886719,178.04420471191406,240.99293518066406
-73.12818908691406,177.26039123535156,242.18064880371094
-73.53588104248047,176.4679718017578,243.3683624267578
-73.92706298828125,175.66726684570312,244.55606079101562
-74.30157470703125,174.85861206054688,245.7437744140625
-74.65923309326172,174.04238891601562,246.93148803710938
-74.9999008178711,173.2189178466797,248.1191864013672
-75.32341766357422,172.38856506347656,249.30690002441406
-75.62966918945312,171.55169677734375,250.49461364746094
-75.91848754882812,170.70863342285156,251.6823272705078
-76.18978881835938,169.85977172851562,252.87002563476562
-76.44342803955078,169.00547790527344,254.0577392578125
-76.67930603027344,168.14610290527344,255.24545288085938
-76.89732360839844,167.28204345703125,256.43316650390625
-77.09738159179688,166.41363525390625,257.6208801269531
-77.27938842773438,165.54124450683594,258.80859375
-77.44328308105469,164.66529846191406,259.99627685546875
-77.58898162841797,163.7861328125,261.1839904785156
-77.7164306640625,162.90414428710938,262.3717041015625
-77.8255615234375,162.0196990966797,263.5594177246094
-77.91634368896484,161.1331787109375,264.74713134765625
-77.98872375488281,160.24496459960938,265.9348449707031
-78.04268646240234,159.35545349121094,267.12255859375
-78.07819366455078,158.46499633789062,268.31024169921875
-78.0952377319336,157.57400512695312,269.4979553222656
-78.09939575195312,156.60057067871094,-90.21229553222656
-78.10310363769531,155.60057067871094,-90.21229553222656
-78.10680389404297,154.6005859375,-90.21229553222656
-78.11051177978516,153.6005859375,-90.21229553222656
-78.11421966552734,152.60060119628906,-90.21229553222656
-78.117919921875,151.60060119628906,-90.21229553222656
-78.12162780761719,150.60060119628906,-90.21229553222656
-78.12533569335938,149.60061645507812,-90.21229553222656
-78.12903594970703,148.60061645507812,-90.21229553222656
-78.13274383544922,147.6006317138672,-90.21229553222656
-78.1364517211914,146.6006317138672,-90.21229553222656
-78.14015197753906,145.60064697265625,-90.21229553222656
-78.14385986328125,144.60064697265625,-90.21229553222656
-78.14757537841797,143.59979248046875,-90.21231079101562
-78.15127563476562,142.5998077392578,-90.21231079101562
-78.15272521972656,141.61175537109375,-89.82150268554688
-78.14458465576172,140.62989807128906,-89.22842407226562
-78.12628173828125,139.648193359375,-88.6353759765625
-78.09781646728516,138.66673278808594,-88.04232788085938
-78.05919647216797,137.68560791015625,-87.44924926757812
-78.01042175292969,136.70494079589844,-86.856201171875
-77.95150756835938,135.72482299804688,-86.26315307617188
-77.88243865966797,134.74537658691406,-85.67007446289062
-77.80439758300781,133.74827575683594,-85.67465209960938
-77.73282623291016,132.73289489746094,-86.26083374023438
-77.67163848876953,131.7168426513672,-86.84698486328125
-77.620849609375,130.7001953125,-87.43316650390625
-77.5804672241211,129.68310546875,-88.01934814453125
-77.55049133300781,128.6656494140625,-88.60552978515625
-77.53092956542969,127.64794158935547,-89.19171142578125
-77.52177429199219,126.63008117675781,-89.77786254882812
-77.52236938476562,125.61852264404297,-90.15625
-77.52510070800781,124.6185302734375,-90.15625
-77.52782440185547,123.61825561523438,269.84375
-77.53054809570312,122.61825561523438,269.84375
-77.53327941894531,121.6182632446289,269.84375
-77.53600311279297,120.6182632446289,269.84375
-77.53873443603516,119.61827087402344,269.84375
-77.54145812988281,118.61827087402344,269.84375
-77.54418182373047,117.61827850341797,269.84375
-77.54691314697266,116.61827850341797,269.84375
-77.54963684082031,115.6182861328125,269.84375
-77.5523681640625,114.6182861328125,269.84375
-77.55509185791016,113.61829376220703,269.84375
-77.55782318115234,112.61829376220703,269.84375
-77.560546875,111.61830139160156,269.84375
-77.56327819824219,110.61830139160156,269.84375
-77.56600189208984,109.6183090209961,269.84375
-77.56873321533203,108.6183090209961,269.84375
-77.57145690917969,107.61831665039062,269.84375
-77.57418823242188,106.61831665039062,269.84375
-77.57691192626953,105.61832427978516,269.84375
-77.57964324951172,104.61832427978516,269.84375
-77.58236694335938,103.61833190917969,269.84375
-77.58509063720703,102.61833190917969,269.84375
-77.58782196044922,101.61833953857422,269.84375
-77.59054565429688,100.61833953857422,269.84375
-77.59327697753906,99.61834716796875,269.84375
-77.59600067138672,98.61834716796875,269.84375
-77.5987319946289,97.61835479736328,269.84375
-77.60145568847656,96.61835479736328,269.84375
-77.60418701171875,95.61836242675781,269.84375
-77.6069107055664,94.61836242675781,269.84375
-77.6096420288086,93.61837005615234,269.84375
-77.61236572265625,92.61837005615234,269.84375
-77.61509704589844,91.61837768554688,269.84375
-77.6178207397461,90.61837768554688,269.84375
-77.62055206298828,89.6183853149414,269.84375
-77.62327575683594,88.6183853149414,269.84375
-77.6259994506836,87.61839294433594,269.84375
-77.62873077392578,86.61839294433594,269.84375
-77.63145446777344,85.61840057373047,269.84375
-77.63418579101562,84.61840057373047,269.84375
-77.63690948486328,83.618408203125,269.84375
-77.63964080810547,82.618408203125,269.84375
-77.64236450195312,81.618408203125,269.84375
-77.64509582519531,80.61841583251953,269.84375
-77.64781951904297,79.61841583251953,269.84375
-77.65055084228516,78.61842346191406,269.84375
-77.65327453613281,77.61842346191406,269.84375
-77.656005859375,76.6184310913086,269.84375
-77.65872955322266,75.6184310913086,269.84375
-77.66146087646484,74.61843872070312,269.84375
-77.6641845703125,73.61843872070312,269.84375
-77.66690826416016,72.61844635009766,269.84375
-77.66963958740234,71.61844635009766,269.84375
-77.67236328125,70.61845397949219,269.84375
-77.67509460449219,69.61845397949219,269.84375
-77.67781829833984,68.61846160888672,269.84375
-77.68054962158203,67.61846160888672,269.84375
-77.68327331542969,66.61846923828125,269.84375
-77.68600463867188,65.61846923828125,269.84375
-77.68872833251953,64.61847686767578,269.84375
-77.69145965576172,63.61848449707031,269.84375
-77.69418334960938,62.61848449707031,269.84375
-77.69691467285156,61.61848831176758,269.84375
-77.69963836669922,60.618492126464844,269.84375
-77.7023696899414,59.61849594116211,269.84375
-77.70509338378906,58.618499755859375,269.84375
-77.70781707763672,57.61850357055664,269.84375
-77.7105484008789,56.618507385253906,269.84375
-77.71327209472656,55.61851119995117,269.84375
-77.71600341796875,54.61851501464844,269.84375
-77.7187271118164,53.6185188293457,269.84375
-77.7214584350586,52.61852264404297,269.84375
-77.72418212890625,51.618526458740234,269.84375
-77.72691345214844,50.6185302734375,269.84375
-77.7296371459961,49.618534088134766,269.84375
-77.73236846923828,48.61853790283203,269.84375
-77.73509216308594,47.6185417175293,269.84375
-77.73782348632812,46.61854553222656,269.84375
-77.74054718017578,45.61854934692383,269.84375
-77.74327850341797,44.618553161621094,269.84375
-77.74600219726562,43.61855697631836,269.84375
-77.74873352050781,42.618560791015625,269.84375
-77.75145721435547,41.61856460571289,269.84375
-77.75418090820312,40.618568420410156,269.84375
-77.75691223144531,39.61857223510742,269.84375
-77.75963592529297,38.61857604980469,269.84375
-77.76236724853516,37.61857986450195,269.84375
-77.76509094238281,36.61858367919922,269.84375
-77.767822265625,35.618587493896484,269.84375
-77.77054595947266,34.61859130859375,269.84375
-77.77327728271484,33.618595123291016,269.84375
-77.7760009765625,32.61859893798828,269.84375
-77.77873229980469,31.618600845336914,269.84375
-77.78145599365234,30.61860466003418,269.84375
-77.78418731689453,29.618608474731445,269.84375
-77.78691101074219,28.61861228942871,269.84375
-77.78964233398438,27.618616104125977,269.84375
-77.79236602783203,26.618619918823242,269.84375
-77.79508972167969,25.618623733520508,269.84375
-77.79782104492188,24.618627548217773,269.84375
-77.80054473876953,23.61863136291504,269.84375
-77.80327606201172,22.618635177612305,269.84375
-77.80599975585938,21.61863899230957,269.84375
-77.80873107910156,20.618642807006836,-90.15625762939453
-77.81145477294922,19.6186466217041,-90.15625762939453
-77.8141860961914,18.618650436401367,-90.15625762939453
-77.81690979003906,17.618654251098633,-90.15625762939453
-77.81964111328125,16.6186580657959,-90.15625762939453
-77.8223648071289,15.618659973144531,-90.15625762939453
-77.8250961303711,14.618663787841797,-90.15625762939453
-77.82782745361328,13.61892318725586,-90.15625762939453
-77.86817932128906,12.501059532165527,-94.04631805419922
-77.98593139648438,11.386324882507324,-98.01310729980469
-78.18051147460938,10.282407760620117,-101.97990417480469
-78.45098876953125,9.194597244262695,-105.94669342041016
-78.79607391357422,8.12810230255127,-109.91349029541016
-79.214111328125,7.088035583496094,-113.88027954101562
-79.7031021118164,6.079379558563232,-117.84707641601562
-80.26068878173828,5.106967449188232,-121.8138656616211
-80.88421630859375,4.175457954406738,-125.7806625366211
-81.57069396972656,3.2893147468566895,-129.74745178222656
-82.31682586669922,2.4527838230133057,-133.71424865722656
-83.1190414428711,1.6698726415634155,-137.68104553222656
-83.95856475830078,0.9506403207778931,-141.14013671875
-84.83976745605469,0.28339189291000366,-144.59408569335938
-85.75957489013672,-0.32955503463745117,-148.04803466796875
-86.71464538574219,-0.8859735131263733,-151.50198364257812
-87.70149993896484,-1.3838422298431396,-154.9559326171875
-88.716552734375,-1.821352481842041,-158.40988159179688
-89.75611877441406,-2.1969146728515625,-161.86383056640625
-90.81642150878906,-2.509164810180664,-165.31777954101562
-91.89361572265625,-2.7569680213928223,-168.771728515625
-92.98377990722656,-2.939424514770508,-172.22567749023438
-94.08295440673828,-3.05587100982666,-175.67962646484375
-95.1871566772461,-3.1058847904205322,-179.13357543945312
-96.20475006103516,-3.112030267715454,-179.7053985595703
-97.2047348022461,-3.1171720027923584,-179.7053985595703
-98.20471954345703,-3.122313976287842,-179.7053985595703
-99.20470428466797,-3.127455711364746,-179.7053985595703
-100.20469665527344,-3.1325974464416504,-179.7053985595703
-101.20468139648438,-3.137739419937134,-179.7053985595703
-102.20466613769531,-3.142881155014038,-179.7053985595703
-103.20465087890625,-3.1480231285095215,-179.7053985595703
-104.20464324951172,-3.153164863586426,-179.7053985595703
-105.20462799072266,-3.158306837081909,-179.7053985595703
-106.2046127319336,-3.1634485721588135,-179.7053985595703
-107.20459747314453,-3.168590545654297,-179.7053985595703
-108.20458984375,-3.173732280731201,-179.7053985595703
-109.20457458496094,-3.1788742542266846,-179.7053985595703
-110.20455932617188,-3.184015989303589,-179.7053985595703
-111.20455169677734,-3.1891579627990723,-179.7053985595703
-112.20453643798828,-3.1942996978759766,-179.7053985595703
-113.20452117919922,-3.19944167137146,-179.7053985595703
-114.20450592041016,-3.2045834064483643,-179.7053985595703
-115.20449829101562,-3.2097253799438477,-179.7053985595703
-116.20448303222656,-3.214867115020752,-179.7053985595703
-117.2044677734375,-3.2200090885162354,-179.7053985595703
-118.20445251464844,-3.2251508235931396,-179.7053985595703
-119.2044448852539,-3.230292797088623,-179.7053985595703
-120.20442962646484,-3.2354345321655273,-179.7053985595703
-121.20441436767578,-3.2405765056610107,-179.7053985595703
-122.20439910888672,-3.245718240737915,-179.7053985595703
-123.20439147949219,-3.2508599758148193,-179.7053985595703
-124.20437622070312,-3.2560019493103027,-179.7053985595703
-125.20436096191406,-3.261143684387207,-179.7053985595703
-126.20435333251953,-3.2662856578826904,-179.7053985595703
-127.20433807373047,-3.2714273929595947,-179.7053985595703
-128.20431518554688,-3.276569366455078,-179.7053985595703
-129.2042999267578,-3.2817111015319824,-179.7053985595703
-130.20428466796875,-3.286853075027466,-179.7053985595703
-131.2042694091797,-3.29199481010437,-179.7053985595703
-132.2042694091797,-3.2971367835998535,-179.7053985595703
-133.20425415039062,-3.302278518676758,-179.7053985595703
-134.20423889160156,-3.307420492172241,-179.7053985595703
-135.2042236328125,-3.3125622272491455,-179.7053985595703
-136.20420837402344,-3.317704200744629,-179.7053985595703
-137.1873321533203,-3.323438882827759,-179.15359497070312
-138.07948303222656,-3.363868236541748,-175.65701293945312
-138.96751403808594,-3.4586338996887207,-172.16043090820312
-139.84808349609375,-3.607382297515869,-168.66384887695312
-140.7179718017578,-3.8095602989196777,-165.16726684570312
-141.5738983154297,-4.064414978027344,-161.67068481445312
-142.41268920898438,-4.370997428894043,-158.17410278320312
-143.22962951660156,-4.727415084838867,-154.619873046875
-143.82810974121094,-5.078250408172607,-144.6212158203125
-144.35658264160156,-5.527667045593262,-134.62252807617188
-144.7989959716797,-6.062014102935791,-124.62387084960938
-145.1419219970703,-6.6650590896606445,-114.62521362304688
-145.3749237060547,-7.318484783172607,-104.62655639648438
-145.49095153808594,-8.002442359924316,-94.62789916992188
-145.50363159179688,-8.860687255859375,270.02984619140625
-145.50311279296875,-9.860687255859375,270.02984619140625
-145.50259399414062,-10.860687255859375,270.02984619140625
-145.5020751953125,-11.860687255859375,270.02984619140625
-145.50155639648438,-12.860686302185059,270.02984619140625
-145.50103759765625,-13.860686302185059,270.02984619140625
-145.50050354003906,-14.860686302185059,270.02984619140625
-145.49998474121094,-15.860686302185059,270.02984619140625
-145.4994659423828,-16.860685348510742,270.02984619140625
-145.4989471435547,-17.860685348510742,270.02984619140625
-145.49842834472656,-18.860685348510742,270.02984619140625
-145.49790954589844,-19.860685348510742,270.02984619140625
-145.4973907470703,-20.860685348510742,270.02984619140625
-145.49685668945312,-21.860685348510742,270.02984619140625
-145.496337890625,-22.860685348510742,270.02984619140625
-145.49581909179688,-23.860685348510742,270.02984619140625
-145.49530029296875,-24.860685348510742,270.02984619140625
-145.49478149414062,-25.860685348510742,270.02984619140625
-145.4942626953125,-26.860685348510742,270.02984619140625
-145.49374389648438,-27.860685348510742,270.02984619140625
-145.4932098388672,-28.860685348510742,270.02984619140625
-145.49269104003906,-29.860685348510742,270.02984619140625
-145.49217224121094,-30.86068344116211,270.02984619140625
-145.4916534423828,-31.86068344116211,270.02984619140625
-145.4911346435547,-32.86068344116211,270.02984619140625
-145.49061584472656,-33.86068344116211,270.02984619140625
-145.49009704589844,-34.86068344116211,270.02984619140625
-145.48956298828125,-35.86068344116211,270.02984619140625
-145.48904418945312,-36.86068344116211,270.02984619140625
-145.488525390625,-37.86068344116211,270.02984619140625
-145.48800659179688,-38.86068344116211,270.02984619140625
-145.48748779296875,-39.86068344116211,270.02984619140625
-145.48696899414062,-40.86068344116211,270.02984619140625
-145.4864501953125,-41.86068344116211,270.02984619140625
-145.4859161376953,-42.86068344116211,270.02984619140625
-145.4853973388672,-43.86068344116211,270.02984619140625
-145.48487854003906,-44.86068344116211,270.02984619140625
-145.48435974121094,-45.86068344116211,270.02984619140625
-145.4838409423828,-46.86068344116211,270.02984619140625
-145.4833221435547,-47.86068344116211,270.02984619140625
-145.48280334472656,-48.86068344116211,270.02984619140625
-145.48226928710938,-49.86068344116211,270.02984619140625
-145.48175048828125,-50.86068344116211,270.02984619140625
-145.48123168945312,-51.860679626464844,270.02984619140625
-145.480712890625,-52.860679626464844,270.02984619140625
-145.48019409179688,-53.860679626464844,270.02984619140625
-145.47967529296875,-54.860679626464844,270.02984619140625
-145.47915649414062,-55.860679626464844,270.02984619140625
-145.47862243652344,-56.860679626464844,270.02984619140625
-145.4781036376953,-57.860679626464844,270.02984619140625
-145.4775848388672,-58.860679626464844,270.02984619140625
-145.47706604003906,-59.860679626464844,270.02984619140625
-145.47654724121094,-60.860679626464844,270.02984619140625
-145.4760284423828,-61.860679626464844,270.02984619140625
-145.4755096435547,-62.860679626464844,270.02984619140625
-145.4749755859375,-63.860679626464844,270.02984619140625
-145.47445678710938,-64.86067962646484,270.02984619140625
-145.47393798828125,-65.86067199707031,270.02984619140625
-145.47341918945312,-66.86067199707031,270.02984619140625
-145.472900390625,-67.86067199707031,270.02984619140625
-145.47238159179688,-68.86067199707031,270.02984619140625
-145.47186279296875,-69.86067199707031,270.02984619140625
-145.47132873535156,-70.86067199707031,270.02984619140625
-145.47080993652344,-71.86067199707031,270.02984619140625
-145.4702911376953,-72.86067199707031,270.02984619140625
-145.4697723388672,-73.86067199707031,270.02984619140625
-145.46925354003906,-74.86067199707031,270.02984619140625
-145.46873474121094,-75.86067199707031,270.02984619140625
-145.46820068359375,-76.86067199707031,270.02984619140625
-145.46768188476562,-77.86067199707031,270.02984619140625
-145.4671630859375,-78.86067199707031,270.02984619140625
-145.46664428710938,-79.86067199707031,270.02984619140625
-145.46612548828125,-80.86067199707031,270.02984619140625
-145.46560668945312,-81.86067199707031,270.02984619140625
-145.465087890625,-82.86067199707031,270.02984619140625
-145.4645538330078,-83.86067199707031,270.02984619140625
-145.4640350341797,-84.86067199707031,270.02984619140625
-145.46351623535156,-85.86067199707031,270.02984619140625
-145.46299743652344,-86.86067199707031,270.02984619140625
-145.4624786376953,-87.86067199707031,270.02984619140625
-145.4619598388672,-88.86067199707031,270.02984619140625
-145.46144104003906,-89.86067199707031,270.02984619140625
-145.46090698242188,-90.86067199707031,270.02984619140625
-145.46038818359375,-91.86067199707031,270.02984619140625
-145.45957946777344,-92.85430908203125,-89.76177978515625
-145.4452667236328,-93.81674194335938,-88.535888671875
-145.41038513183594,-94.77864837646484,-87.30999755859375
-145.3549346923828,-95.73959350585938,-86.08413696289062
-145.27894592285156,-96.6991195678711,-84.85824584960938
-145.18243408203125,-97.65680694580078,-83.63235473632812
-145.06544494628906,-98.61221313476562,-82.40646362304688
-144.92803955078125,-99.56490325927734,-81.18060302734375
-144.77029418945312,-100.5144271850586,-79.9547119140625
-144.59228515625,-101.46035766601562,-78.72882080078125
-144.39405822753906,-102.40225982666016,-77.5029296875
-144.1757354736328,-103.3397216796875,-76.27706909179688
-143.93739318847656,-104.27228546142578,-75.05117797851562
-143.67918395996094,-105.19953918457031,-73.82528686523438
-143.4011688232422,-106.12105560302734,-72.59941101074219
-143.103515625,-107.03641510009766,-71.37351989746094
-142.78634643554688,-107.9451904296875,-70.14764404296875
-142.44979858398438,-108.84698486328125,-68.9217529296875
-142.09405517578125,-109.74137115478516,-67.69586181640625
-141.71922302246094,-110.6279296875,-66.46998596191406
-141.32554626464844,-111.50627136230469,-65.24409484863281
-140.91314697265625,-112.3759994506836,-64.01821899414062
-140.48223876953125,-113.23668670654297,-62.792327880859375
-140.03302001953125,-114.08797454833984,-61.56645202636719
-139.56568908691406,-114.92945098876953,-60.34056091308594
-139.08045959472656,-115.76073455810547,-59.11468505859375
-138.5775604248047,-116.58145141601562,-57.8887939453125
-138.05722045898438,-117.39122009277344,-56.66291809082031
-137.51966857910156,-118.18966674804688,-55.43702697753906
-136.9651641845703,-118.9764404296875,-54.211151123046875
-136.39395141601562,-119.75115966796875,-52.985260009765625
-135.80628967285156,-120.51348876953125,-51.75938415527344
-135.20245361328125,-121.2630615234375,-50.53349304199219
-134.5827178955078,-121.99954986572266,-49.3076171875
-133.9473876953125,-122.72261810302734,-48.08172607421875
-133.29672241210938,-123.43192291259766,-46.85585021972656
-132.6310272216797,-124.12714385986328,-45.62995910644531
-131.9515380859375,-124.8064956665039,-44.34918212890625
-131.2571258544922,-125.47015380859375,-43.05796813964844
-130.54794311523438,-126.11801147460938,-41.766754150390625
-129.82435607910156,-126.74971008300781,-40.47554016113281
-129.08670043945312,-127.36495208740234,-39.184326171875
-128.33538818359375,-127.96340942382812,-37.89311218261719
-127.57077026367188,-128.54478454589844,-36.601898193359375
-126.7932357788086,-129.10877990722656,-35.31068420410156
-126.00320434570312,-129.65512084960938,-34.01947021484375
-125.20105743408203,-130.18350219726562,-32.72825622558594
-124.38720703125,-130.69371032714844,-31.437042236328125
-123.56206512451172,-131.1854248046875,-30.145828247070312
-122.72605895996094,-131.65841674804688,-28.8546142578125
-121.87960052490234,-132.11244201660156,-27.563400268554688
-121.02312469482422,-132.54730224609375,-26.272186279296875
-120.15707397460938,-132.96273803710938,-24.980972290039062
-119.28186798095703,-133.35855102539062,-23.68975830078125
-118.39797973632812,-133.73455810546875,-22.398544311523438
-117.5058364868164,-134.0905303955078,-21.107330322265625
-116.60589599609375,-134.4263153076172,-19.816116333007812
-115.69862365722656,-134.74172973632812,-18.52490234375
-114.78446960449219,-135.03663635253906,-17.233688354492188
-113.86390686035156,-135.3108673095703,-15.942474365234375
-112.93739318847656,-135.56427001953125,-14.651260375976562
-112.00540161132812,-135.7967529296875,-13.36004638671875
-111.06842041015625,-136.00814819335938,-12.068832397460938
-110.12689971923828,-136.19839477539062,-10.777618408203125
-109.18134307861328,-136.3673553466797,-9.486404418945312
-108.23220825195312,-136.51498413085938,-8.1951904296875
-107.27999877929688,-136.6411895751953,-6.9039764404296875
-106.32518005371094,-136.74591064453125,-5.612762451171875
-105.36824798583984,-136.82907104492188,-4.3215484619140625
-104.40967559814453,-136.89064025878906,-3.03033447265625
-103.4499740600586,-136.9306182861328,-1.7391204833984375
-102.4896011352539,-136.94895935058594,-0.447906494140625
-101.52906799316406,-136.9456329345703,0.8433074951171875
-100.54100036621094,-136.92543029785156,1.227264404296875
-99.54122924804688,-136.9040069580078,1.227264404296875
-98.54145812988281,-136.88259887695312,1.227264404296875
-97.54168701171875,-136.86117553710938,1.227264404296875
-96.54191589355469,-136.8397674560547,1.227264404296875
-95.48212432861328,-136.83489990234375,-0.7323455810546875
-94.42182159423828,-136.86691284179688,-2.7242584228515625
-93.36327362060547,-136.93572998046875,-4.716156005859375
-92.30774688720703,-137.0413055419922,-6.7080535888671875
-91.25654602050781,-137.1835174560547,-8.699966430664062
-90.2109146118164,-137.36216735839844,-10.691864013671875
-89.172119140625,-137.5770721435547,-12.683761596679688
-88.14141845703125,-137.82794189453125,-14.675674438476562
-87.12007141113281,-138.11448669433594,-16.667572021484375
-86.10929870605469,-138.43634033203125,-18.659469604492188
-85.11031341552734,-138.79315185546875,-20.6513671875
-84.05613708496094,-139.22926330566406,-25.273605346679688
-83.0024642944336,-139.8025665283203,-31.828109741210938
-82.02112579345703,-140.49241638183594,-38.38261413574219
-81.12494659423828,-141.2897491455078,-44.93711853027344
-80.32563781738281,-142.18418884277344,-51.49162292480469
-79.63365173339844,-143.1640167236328,-58.046112060546875
-79.05802917480469,-144.21641540527344,-64.60061645507812
-78.60630798339844,-145.32765197753906,-71.15512084960938
-78.28437805175781,-146.48318481445312,-77.70962524414062
-78.0964584350586,-147.6679229736328,-84.26412963867188
-78.0378646850586,-148.79293823242188,271.5956726074219
-78.00911712646484,-149.78903198242188,271.71026611328125
-77.97838592529297,-150.78506469726562,271.8248596191406
-77.9456558227539,-151.78102111816406,271.939453125
-77.91093444824219,-152.77691650390625,272.0540466308594
-77.87422180175781,-153.77273559570312,272.16864013671875
-77.83551788330078,-154.76849365234375,272.2832336425781
-77.7948226928711,-155.76416015625,272.3978271484375
-77.75212860107422,-156.75975036621094,272.5124206542969
-77.70745849609375,-157.75523376464844,272.62701416015625
-77.6607894897461,-158.75064086914062,272.7415771484375
-77.61212921142578,-159.74595642089844,272.856201171875
-77.56147766113281,-160.7411651611328,272.97076416015625
-77.50883483886719,-161.73626708984375,273.08538818359375
-77.45420837402344,-162.7312774658203,273.199951171875
-77.39765930175781,-163.72755432128906,273.2701721191406
-77.34061431884766,-164.72593688964844,273.2701721191406
-77.2835693359375,-165.72430419921875,273.2701721191406
-77.22652435302734,-166.72267150878906,273.2701721191406
-77.16947937011719,-167.72105407714844,273.2701721191406
-77.11243438720703,-168.71942138671875,273.2701721191406
-77.05538940429688,-169.71778869628906,273.2701721191406
-76.99834442138672,-170.71615600585938,273.2701721191406
-76.94129943847656,-171.71453857421875,273.2701721191406
-76.8842544555664,-172.71290588378906,273.2701721191406
-76.82720947265625,-173.71127319335938,273.2701721191406
-76.77017211914062,-174.7096405029297,273.2701721191406
-76.70085906982422,-175.6453857421875,-84.71185302734375
-76.5975341796875,-176.57534790039062,-82.60842895507812
-76.46014404296875,-177.50091552734375,-80.50503540039062
-76.28888702392578,-178.4208221435547,-78.40164184570312
-76.08396911621094,-179.33380126953125,-76.29824829101562
-75.8456802368164,-180.23866271972656,-74.19486999511719
-75.57434844970703,-181.13417053222656,-72.09147644042969
-75.27031707763672,-182.0190887451172,-69.98808288574219
-74.93402862548828,-182.89227294921875,-67.88468933105469
-74.56591033935547,-183.75253295898438,-65.78128051757812
-74.16646575927734,-184.5986785888672,-63.677886962890625
-73.73623657226562,-185.4296112060547,-61.574493408203125
-73.27580261230469,-186.24420166015625,-59.471099853515625
-72.78577423095703,-187.04132080078125,-57.367706298828125
-72.2668228149414,-187.81993103027344,-55.264312744140625
-71.71964263916016,-188.57896423339844,-53.160919189453125
-71.14497375488281,-189.31739807128906,-51.057525634765625
-70.54358673095703,-190.0342559814453,-48.954132080078125
-69.91629791259766,-190.72854614257812,-46.850738525390625
-69.26394653320312,-191.3993682861328,-44.747344970703125
-68.58740997314453,-192.04576110839844,-42.643951416015625
-67.88761901855469,-192.66690063476562,-40.540557861328125
-67.16548919677734,-193.26194763183594,-38.437164306640625
-66.42200469970703,-193.830078125,-36.333770751953125
-65.65817260742188,-194.37054443359375,-34.230377197265625
-64.87501525878906,-194.8826141357422,-32.126983642578125
-64.07360076904297,-195.36558532714844,-30.023590087890625
-63.2549934387207,-195.81883239746094,-27.920181274414062
-62.42030715942383,-196.24171447753906,-25.816787719726562
-61.570655822753906,-196.6336669921875,-23.713394165039062
-60.70719528198242,-196.9941864013672,-21.610000610351562
-59.83108139038086,-197.32276916503906,-19.506607055664062
-58.94349670410156,-197.6189727783203,-17.403213500976562
-58.04563903808594,-197.8824005126953,-15.299819946289062
-57.13872146606445,-198.11270141601562,-13.196426391601562
-56.223960876464844,-198.30955505371094,-11.093032836914062
-55.302589416503906,-198.4727020263672,-8.989639282226562
-54.375850677490234,-198.60191345214844,-6.8862457275390625
-53.44499588012695,-198.69703674316406,-4.7828521728515625
-52.51127624511719,-198.7579345703125,-2.6794586181640625
-51.57595443725586,-198.78451538085938,-0.5760650634765625
-50.63759231567383,-198.77670288085938,1.439544677734375
-49.637908935546875,-198.75157165527344,1.439544677734375
-48.638221740722656,-198.72645568847656,1.439544677734375
-47.6385383605957,-198.7013397216797,1.439544677734375
-46.63885498046875,-198.67620849609375,1.439544677734375
-45.6391716003418,-198.65109252929688,1.439544677734375
-44.63948440551758,-198.62596130371094,1.439544677734375
-43.639801025390625,-198.60084533691406,1.439544677734375
-42.64011764526367,-198.5757293701172,1.439544677734375
-41.64043045043945,-198.55059814453125,1.439544677734375
-40.6407470703125,-198.52548217773438,1.439544677734375
-39.64106369018555,-198.50035095214844,1.439544677734375
-38.641380310058594,-198.47523498535156,1.439544677734375
-37.641693115234375,-198.4501190185547,1.439544677734375
-36.64200973510742,-198.42498779296875,1.439544677734375
-35.64232635498047,-198.39987182617188,1.439544677734375
-34.642642974853516,-198.37474060058594,1.439544677734375
-33.6429557800293,-198.34962463378906,1.439544677734375
-32.643272399902344,-198.32449340820312,1.439544677734375
-31.64358901977539,-198.29937744140625,1.439544677734375
-30.643903732299805,-198.27426147460938,1.439544677734375
-29.64422035217285,-198.24913024902344,1.439544677734375
-28.644535064697266,-198.22401428222656,1.439544677734375
-27.644851684570312,-198.19888305664062,1.439544677734375
-26.645166397094727,-198.17376708984375,1.439544677734375
-25.645483016967773,-198.14865112304688,1.439544677734375
-24.645797729492188,-198.12351989746094,1.439544677734375
-23.6461124420166,-198.09840393066406,1.439544677734375
-22.64642906188965,-198.07327270507812,1.439544677734375
-21.646743774414062,-198.04815673828125,1.439544677734375
-20.64706039428711,-198.02304077148438,1.439544677734375
-19.647375106811523,-197.99790954589844,1.439544677734375
-18.64769172668457,-197.97279357910156,1.439544677734375
-17.648006439208984,-197.94766235351562,1.439544677734375
-16.64832305908203,-197.92254638671875,1.439544677734375
-15.648637771606445,-197.89743041992188,1.439544677734375
-14.64895248413086,-197.87229919433594,1.439544677734375
-13.64926815032959,-197.84718322753906,1.439544677734375
-12.64958381652832,-197.82205200195312,1.439544677734375
-11.64989948272705,-197.79693603515625,1.439544677734375
-10.650215148925781,-197.7718048095703,1.439544677734375
-9.650530815124512,-197.74668884277344,1.439544677734375
-8.650846481323242,-197.72157287597656,1.439544677734375
-7.651162624359131,-197.69644165039062,1.439544677734375
-6.651477813720703,-197.6713409423828,1.439544677734375
-5.651793479919434,-197.64620971679688,1.439544677734375
-4.652109146118164,-197.62109375,1.439544677734375
-3.6524248123168945,-197.59596252441406,1.439544677734375
-2.652740478515625,-197.5708465576172,1.439544677734375
-1.6530559062957764,-197.5457305908203,1.439544677734375
-0.6533715724945068,-197.52059936523438,1.439544677734375
0.34631282091140747,-197.4954833984375,1.439544677734375
1.3459972143173218,-197.47035217285156,1.439544677734375
2.3456814289093018,-197.4452362060547,1.439544677734375
3.3453660011291504,-197.4201202392578,1.439544677734375
4.34505033493042,-197.39498901367188,1.439544677734375
5.3447346687316895,-197.369873046875,1.439544677734375
6.344419002532959,-197.34474182128906,1.439544677734375
7.3441033363342285,-197.3196258544922,1.439544677734375
8.343788146972656,-197.29449462890625,1.439544677734375
9.343472480773926,-197.26937866210938,1.439544677734375
10.343156814575195,-197.2442626953125,1.439544677734375
11.342841148376465,-197.21913146972656,1.439544677734375
12.342525482177734,-197.1940155029297,1.439544677734375
13.342209815979004,-197.16888427734375,1.439544677734375
14.34189510345459,-197.14376831054688,1.439544677734375
15.34157943725586,-197.11865234375,1.439544677734375
16.341259002685547,-197.093505859375,1.439544677734375
17.340944290161133,-197.06838989257812,1.439544677734375
18.340627670288086,-197.04327392578125,1.439544677734375
19.340312957763672,-197.0181427001953,1.439544677734375
20.339996337890625,-196.99302673339844,1.439544677734375
21.33968162536621,-196.9678955078125,1.439544677734375
22.339365005493164,-196.94277954101562,1.439544677734375
23.33905029296875,-196.91766357421875,1.439544677734375
24.338733673095703,-196.8925323486328,1.439544677734375
25.33841896057129,-196.86741638183594,1.439544677734375
26.338102340698242,-196.84228515625,1.439544677734375
27.337787628173828,-196.81716918945312,1.439544677734375
28.33747100830078,-196.79205322265625,1.439544677734375
29.337156295776367,-196.7669219970703,1.439544677734375
30.33683967590332,-196.74180603027344,1.439544677734375
31.336524963378906,-196.7166748046875,1.439544677734375
32.33620834350586,-196.69155883789062,1.439544677734375
33.33589172363281,-196.6664276123047,1.439544677734375
34.33557891845703,-196.6413116455078,1.439544677734375
35.335262298583984,-196.61619567871094,1.439544677734375
36.33494567871094,-196.591064453125,1.439544677734375
37.334632873535156,-196.56594848632812,1.439544677734375
38.33431625366211,-196.5408172607422,1.439544677734375
39.33399963378906,-196.5157012939453,1.439544677734375
40.333683013916016,-196.49058532714844,1.439544677734375
41.333370208740234,-196.4654541015625,1.439544677734375
42.33305358886719,-196.44033813476562,1.439544677734375
43.33273696899414,-196.4152069091797,1.439544677734375
44.332420349121094,-196.3900909423828,1.439544677734375
45.33210754394531,-196.36497497558594,1.439544677734375
46.331790924072266,-196.33984375,1.439544677734375
47.33147430419922,-196.31472778320312,1.439544677734375
48.33115768432617,-196.2895965576172,1.439544677734375
49.33084487915039,-196.2644805908203,1.439544677734375
50.330528259277344,-196.23936462402344,1.439544677734375
51.3302116394043,-196.2142333984375,1.439544677734375
52.329898834228516,-196.18911743164062,1.439544677734375
